cset: --> last message, executed args into cpuset "/user", new pid is: 122134
Running insertion:
absl::flat_hash_map;boost::unordered_flat_map;foa_unordered_rc15_map
10000;0.485852;0.75506;0.732682
10500;0.473598;0.736168;0.713233
11025;0.462059;0.718916;0.69539
11576;0.452713;0.702749;0.678791
12154;0.445779;0.687911;0.663866
12760;0.440143;0.674787;0.651227
13396;0.436789;0.664284;0.639876
14063;0.437468;0.957846;0.943979
14763;0.573899;0.880471;0.914671
15498;0.556767;0.855523;0.886042
16269;0.539921;0.831568;0.858715
17078;0.524458;0.808466;0.833117
17927;0.510068;0.78664;0.809155
18818;0.495864;0.765913;0.78617
19753;0.482758;0.746217;0.764443
20734;0.47122;0.727916;0.744467
21764;0.460245;0.710643;0.725453
22845;0.450555;0.69484;0.708353
23980;0.443233;0.680335;0.693211
25171;0.437019;0.667708;0.679741
26421;0.433499;0.658571;0.669485
27733;0.433381;0.95802;0.985936
29110;0.621067;0.929622;0.95508
30555;0.60227;0.902385;0.925141
32072;0.583784;0.876372;0.896584
33664;0.566239;0.851669;0.869693
35335;0.549824;0.828201;0.844498
37089;0.534305;0.805977;0.819454
38930;0.519654;0.78447;0.796395
40863;0.506495;0.76484;0.774796
42892;0.493894;0.745805;0.754872
45022;0.482649;0.728727;0.736079
47258;0.473248;0.713467;0.71884
49605;0.465721;0.699535;0.704074
52069;0.460067;0.687762;0.691783
54656;0.456883;0.990358;1.01931
57372;0.649074;0.961633;0.986741
60223;0.630145;0.932971;0.956352
63216;0.611097;0.907342;0.928588
66358;0.593023;0.881767;0.900627
69657;0.575884;0.856875;0.873472
73120;0.559566;0.834108;0.848983
76756;0.544293;0.811206;0.823689
80573;0.530517;0.791178;0.801649
84580;0.517835;0.77213;0.780725
88787;0.5063;0.754645;0.760632
93204;0.496066;0.737893;0.742791
97841;0.487547;0.723538;0.726629
102709;0.481557;0.711137;0.712328
107820;0.477049;1.019;1.06297
113186;0.475867;0.988943;1.03018
118820;0.655123;0.961245;0.998739
124735;0.635218;0.933913;0.968729
130945;0.617671;0.908543;0.939875
137465;0.600454;0.883711;0.912664
144311;0.584893;0.859737;0.886957
151499;0.569673;0.836889;0.862853
159046;0.55583;0.816935;0.839172
166970;0.542731;0.798096;0.817622
175290;0.531103;0.780148;0.7971
184026;0.520658;0.762444;0.778362
193198;0.511355;0.746954;0.760262
202828;0.50429;0.733952;0.745119
212939;0.499828;0.722159;0.732602
223555;0.498536;1.03218;1.08996
234701;0.700663;1.00367;1.05764
246404;0.684132;0.974026;1.02774
258692;0.667033;0.95227;1.00119
271594;0.652136;0.926027;0.972995
285141;0.637261;0.904902;0.945139
299365;0.623893;0.882354;0.922735
314300;0.609208;0.861347;0.898829
329981;0.596385;0.841923;0.876006
346446;0.582809;0.817936;0.851133
363734;0.571097;0.802052;0.832541
381886;0.56175;0.787282;0.815271
400945;0.554111;0.769957;0.796612
420956;0.548847;0.761794;0.785026
441967;0.546362;1.11074;1.18312
464028;0.778595;1.09451;1.16161
487192;0.77233;1.07834;1.14009
511514;0.764404;1.05899;1.11561
537052;0.755134;1.03641;1.08941
563866;0.744759;1.00966;1.06328
592020;0.735168;0.994297;1.03902
621581;0.725307;0.970621;1.01364
652620;0.714853;0.950553;0.982655
685210;0.704686;0.931294;0.96254
719429;0.694479;0.909836;0.941759
755358;0.684398;0.892734;0.921534
793083;0.676583;0.875634;0.901555
832694;0.670962;0.86274;0.885149
874285;0.666684;1.20466;1.28824
917955;0.901747;1.21278;1.27623
963808;0.899013;1.20097;1.25802
1011953;0.890271;1.18154;1.2309
1062505;0.880754;1.15463;1.20872
1115584;0.87023;1.14652;1.1886
1171316;0.860636;1.12918;1.16941
1229834;0.851838;1.11603;1.14865
1291277;0.843048;1.0974;1.13114
1355792;0.834996;1.07716;1.10557
1423532;0.827468;1.06304;1.08758
1494659;0.820857;1.05034;1.07217
1569342;0.815831;1.03964;1.05626
1647759;0.812067;1.03669;1.04866
1730096;0.810659;1.37776;1.44592
1816549;0.810911;1.37805;1.44058
1907324;1.04095;1.36555;1.42668
2002637;1.02883;1.36358;1.40891
2102715;1.01637;1.34461;1.39498
2207796;1.00546;1.33584;1.379
2318131;0.99525;1.33534;1.36874
2433982;0.984741;1.32382;1.35286
2555625;0.975796;1.324;1.33841
2683350;0.966715;1.30978;1.32527
2817461;0.958986;1.30875;1.32409
2958277;0.951344;1.30319;1.31275
3106133;0.946282;1.29713;1.29427
3261381;0.941331;1.29203;1.28227
3424391;0.93901;1.28314;1.28108
3595551;0.93989;1.63436;1.68046
3775269;1.16404;1.62419;1.66145
3963972;1.15554;1.61199;1.65053
4162110;1.14476;1.60133;1.6267
4370154;1.13401;1.5923;1.62554
4588600;1.12463;1.5822;1.60916
4817968;1.11631;1.57573;1.59946
5058804;1.10827;1.56705;1.58517
5311681;1.10183;1.56419;1.57667
5577201;1.09615;1.55488;1.57238
5855997;1.09184;1.54481;1.56085
6148732;1.0871;1.54382;1.55253
6456103;1.08598;1.54483;1.55099
6778842;1.08778;1.5446;1.54238
7117717;1.08894;1.89056;1.93754
7473535;1.31365;1.87165;1.91585
7847143;1.30504;1.85829;1.89402
8239431;1.2984;1.84232;1.88155
8651333;1.2907;1.83307;1.86273
9083830;1.28415;1.81926;1.84637
9537951;1.27804;1.804;1.83338
