cset: --> last message, executed args into cpuset "/user", new pid is: 4150565
Scattered successful lookup:
absl::flat_hash_map;boost::unordered_flat_map;foa_unordered_rc15_map
10000;0.137835;0.123145;0.133832
10500;0.131851;0.119616;0.132436
11025;0.129029;0.129343;0.133194
11576;0.129167;0.127386;0.134248
12154;0.129395;0.122864;0.133617
12760;0.13012;0.12785;0.133711
13396;0.128642;0.130518;0.137791
14063;0.135445;0.124591;0.138014
14763;0.134888;0.126777;0.137633
15498;0.129105;0.128441;0.138387
16269;0.130774;0.126294;0.136582
17078;0.130407;0.130309;0.135961
17927;0.130493;0.12875;0.136342
18818;0.128775;0.127218;0.135872
19753;0.127596;0.128642;0.135804
20734;0.130857;0.127927;0.136587
21764;0.131339;0.12698;0.137003
22845;0.130949;0.128735;0.137815
23980;0.131937;0.123892;0.138014
25171;0.133027;0.130923;0.139568
26421;0.137467;0.135611;0.144394
27733;0.146077;0.133766;0.143169
29110;0.13889;0.127779;0.142059
30555;0.134717;0.128313;0.142133
32072;0.13285;0.132028;0.141985
33664;0.132859;0.126619;0.142399
35335;0.133433;0.126646;0.14232
37089;0.133846;0.127892;0.142852
38930;0.134821;0.130889;0.14296
40863;0.135106;0.127936;0.14236
42892;0.134834;0.129074;0.144083
45022;0.1363;0.13081;0.144786
47258;0.138405;0.130343;0.145358
49605;0.140554;0.138096;0.148897
52069;0.146703;0.139318;0.15558
54656;0.153893;0.139489;0.156757
57372;0.145347;0.139757;0.157836
60223;0.144937;0.139089;0.156623
63216;0.14716;0.140988;0.156714
66358;0.147423;0.141468;0.156459
69657;0.146632;0.140525;0.15582
73120;0.145436;0.139824;0.156471
76756;0.149856;0.141512;0.156752
80573;0.148756;0.140047;0.155709
84580;0.145938;0.138646;0.157415
88787;0.149099;0.142527;0.159966
93204;0.151129;0.141718;0.163166
97841;0.154833;0.148597;0.16518
102709;0.159149;0.152462;0.170644
107820;0.165319;0.150475;0.169314
113186;0.176354;0.150739;0.169302
118820;0.165991;0.153167;0.170213
124735;0.164341;0.152097;0.170631
130945;0.168229;0.154046;0.171429
137465;0.167393;0.15454;0.170858
144311;0.167392;0.1551;0.17114
151499;0.169922;0.156753;0.171376
159046;0.169987;0.155316;0.172586
166970;0.165767;0.154873;0.174482
175290;0.168489;0.156682;0.177182
184026;0.176736;0.15746;0.178909
193198;0.176246;0.16322;0.182719
202828;0.179589;0.166547;0.187347
212939;0.189297;0.175182;0.193768
223555;0.195922;0.171308;0.184951
234701;0.200107;0.168594;0.193705
246404;0.21169;0.183182;0.190062
258692;0.231407;0.175198;0.195905
271594;0.214724;0.178686;0.193239
285141;0.233509;0.185943;0.197362
299365;0.219941;0.174948;0.195636
314300;0.228619;0.174129;0.194118
329981;0.219088;0.173648;0.195497
346446;0.220912;0.176474;0.19599
363734;0.219044;0.175201;0.192279
381886;0.212048;0.17658;0.197072
400945;0.222365;0.180465;0.200038
420956;0.234331;0.184182;0.200967
441967;0.211726;0.23374;0.257776
464028;0.336991;0.242127;0.241155
487192;0.339471;0.240357;0.260595
511514;0.336233;0.241844;0.263431
537052;0.338702;0.240318;0.263598
563866;0.339017;0.226031;0.238411
592020;0.342268;0.222375;0.264842
621581;0.341237;0.237314;0.260835
652620;0.338036;0.239847;0.260167
685210;0.338514;0.234366;0.25633
719429;0.342046;0.216536;0.255447
755358;0.343297;0.239364;0.256085
793083;0.347261;0.236609;0.258648
832694;0.351226;0.245699;0.259527
874285;0.357616;0.401687;0.463291
917955;0.50398;0.399963;0.44676
963808;0.50523;0.401272;0.462405
1011953;0.504775;0.401773;0.464895
1062505;0.506031;0.39083;0.446268
1115584;0.507384;0.400471;0.463422
1171316;0.50579;0.393384;0.446018
1229834;0.506676;0.401123;0.460059
1291277;0.507746;0.399882;0.460099
1355792;0.50999;0.401181;0.459824
1423532;0.510994;0.393319;0.445328
1494659;0.513256;0.398092;0.448139
1569342;0.517289;0.405931;0.46456
1647759;0.523259;0.409187;0.466933
1730096;0.52871;0.537922;0.630435
1816549;0.539972;0.534046;0.641463
1907324;0.588432;0.537398;0.631896
2002637;0.588641;0.535252;0.64403
2102715;0.590483;0.53663;0.644191
2207796;0.591337;0.541529;0.646356
2318131;0.590736;0.539575;0.636452
2433982;0.595061;0.540982;0.648607
2555625;0.592407;0.543802;0.648269
2683350;0.593835;0.542829;0.638363
2817461;0.599893;0.545314;0.649229
2958277;0.603707;0.551096;0.653235
3106133;0.607934;0.55199;0.645515
3261381;0.61527;0.559424;0.6485
3424391;0.622443;0.565866;0.654723
3595551;0.635907;0.709193;0.798046
3775269;0.743381;0.714442;0.801275
3963972;0.740787;0.712652;0.795563
4162110;0.752245;0.71892;0.803872
4370154;0.743501;0.717932;0.801072
4588600;0.74626;0.714589;0.804858
4817968;0.744257;0.715048;0.806232
5058804;0.748771;0.71885;0.807892
5311681;0.750943;0.716885;0.805615
5577201;0.75189;0.722446;0.806518
5855997;0.755414;0.724288;0.811899
6148732;0.759178;0.727448;0.816481
6456103;0.770356;0.729982;0.820819
6778842;0.774853;0.738527;0.828269
7117717;0.789908;0.844751;0.900889
7473535;0.866672;0.845291;0.899764
7847143;0.86834;0.844064;0.900005
8239431;0.870384;0.845009;0.902884
8651333;0.870445;0.842655;0.903356
9083830;0.872532;0.847267;0.90396
9537951;0.873844;0.84892;0.906343
Scattered unsuccessful lookup:
absl::flat_hash_map;boost::unordered_flat_map;foa_unordered_rc15_map
10000;0.0957959;0.0736166;0.0852515
10500;0.100793;0.0743785;0.0863464
11025;0.113564;0.0757684;0.0879365
11576;0.129426;0.0771231;0.0900779
12154;0.154189;0.0786888;0.0922294
12760;0.185543;0.0824989;0.0975664
13396;0.227459;0.0928125;0.114314
14063;0.271951;0.0711696;0.0831721
14763;0.086217;0.0714803;0.0835152
15498;0.0874245;0.0716721;0.0838273
16269;0.0887041;0.0718319;0.0840901
17078;0.0906405;0.0724058;0.0843975
17927;0.0927264;0.0726319;0.0849361
18818;0.0961155;0.0732875;0.085243
19753;0.101774;0.0737376;0.0859006
20734;0.108777;0.0746738;0.0867632
21764;0.120382;0.0759565;0.0880878
22845;0.137124;0.0777852;0.0898486
23980;0.160037;0.0806587;0.0929378
25171;0.184802;0.0853005;0.0995756
26421;0.218203;0.0974972;0.114073
27733;0.258902;0.0727189;0.0845009
29110;0.0898579;0.073023;0.0848112
30555;0.0910142;0.0734421;0.0850388
32072;0.0924594;0.0736693;0.0854257
33664;0.0946135;0.0740372;0.0856957
35335;0.0977999;0.0745423;0.0861827
37089;0.101635;0.0750504;0.0868867
38930;0.107662;0.0755044;0.0875286
40863;0.115546;0.0762321;0.0884667
42892;0.125528;0.0778795;0.089406
45022;0.137681;0.0797349;0.0914959
47258;0.155795;0.0826212;0.0952058
49605;0.177802;0.0880606;0.101753
52069;0.209958;0.0978698;0.113069
54656;0.250767;0.0731229;0.0849631
57372;0.092657;0.0734878;0.0852292
60223;0.0941263;0.0738902;0.0854682
63216;0.0955591;0.0740511;0.085711
66358;0.0977674;0.0745735;0.0861683
69657;0.100986;0.074867;0.0867189
73120;0.105298;0.0755565;0.0872722
76756;0.110893;0.0762574;0.0880523
80573;0.117964;0.077326;0.0890172
84580;0.126847;0.0787062;0.0905655
88787;0.137526;0.0809868;0.0927832
93204;0.152452;0.0840258;0.0967729
97841;0.174754;0.0896081;0.102732
102709;0.204256;0.0985719;0.112398
107820;0.244632;0.0747591;0.08719
113186;0.2949;0.076627;0.0877844
118820;0.097086;0.0751399;0.0874055
124735;0.100285;0.0765339;0.088007
130945;0.101394;0.0775264;0.0884263
137465;0.104561;0.0772658;0.0889263
144311;0.108878;0.0788029;0.0894185
151499;0.112912;0.0785281;0.0906335
159046;0.118721;0.0794917;0.0915458
166970;0.127545;0.0834452;0.0924479
175290;0.139699;0.0828292;0.0957538
184026;0.153552;0.0869329;0.0993953
193198;0.174392;0.0927409;0.104814
202828;0.204003;0.100747;0.113332
212939;0.243649;0.113664;0.12807
223555;0.296978;0.0848031;0.094154
234701;0.107442;0.0846634;0.0951194
246404;0.109298;0.0841253;0.0952217
258692;0.111278;0.0845991;0.0959718
271594;0.115507;0.0856655;0.0976415
285141;0.11983;0.0856094;0.0937701
299365;0.122293;0.0866492;0.0984641
314300;0.128526;0.0871168;0.0996907
329981;0.138598;0.0887705;0.0997417
346446;0.147276;0.0903863;0.103023
363734;0.160354;0.0944001;0.108102
381886;0.180475;0.0982377;0.10958
400945;0.213452;0.105055;0.118136
420956;0.242841;0.11738;0.132433
441967;0.294923;0.0923656;0.104091
464028;0.121557;0.091789;0.10308
487192;0.121853;0.0932019;0.105239
511514;0.125657;0.0942374;0.106219
537052;0.127165;0.0950292;0.104816
563866;0.131577;0.0949122;0.108061
592020;0.137887;0.0973936;0.109172
621581;0.142688;0.099536;0.111814
652620;0.151485;0.102183;0.113654
685210;0.165727;0.104993;0.115841
719429;0.177251;0.109161;0.120986
755358;0.197412;0.114592;0.127658
793083;0.232025;0.120868;0.135782
832694;0.265537;0.134914;0.149502
874285;0.330205;0.101328;0.114197
917955;0.133876;0.103873;0.116001
963808;0.136231;0.105103;0.117881
1011953;0.140681;0.105799;0.119462
1062505;0.145016;0.109102;0.120189
1115584;0.148535;0.11103;0.123594
1171316;0.153542;0.112467;0.125256
1229834;0.160849;0.114618;0.126134
1291277;0.169888;0.116523;0.129493
1355792;0.183366;0.120499;0.133855
1423532;0.200423;0.127988;0.141781
1494659;0.224012;0.136393;0.150986
1569342;0.261699;0.146476;0.162111
1647759;0.306608;0.160217;0.176292
1730096;0.36832;0.119542;0.132177
1816549;0.452787;0.122178;0.134731
1907324;0.157566;0.124154;0.137209
2002637;0.161416;0.126577;0.139444
2102715;0.166472;0.128657;0.141807
2207796;0.171457;0.130861;0.144081
2318131;0.176739;0.133218;0.147179
2433982;0.184542;0.135941;0.149666
2555625;0.193139;0.139032;0.152352
2683350;0.207592;0.142802;0.156934
2817461;0.220863;0.147136;0.160583
2958277;0.243014;0.153479;0.167017
3106133;0.274523;0.16177;0.176248
3261381;0.31649;0.174788;0.190058
3424391;0.373302;0.195809;0.214214
3595551;0.465247;0.144898;0.154521
3775269;0.177077;0.143024;0.157942
3963972;0.181785;0.148829;0.159499
4162110;0.186546;0.149224;0.160521
4370154;0.184405;0.148256;0.161345
4588600;0.194751;0.150996;0.167116
4817968;0.204798;0.154076;0.169294
5058804;0.210936;0.158367;0.17108
5311681;0.226377;0.164891;0.185857
5577201;0.239353;0.165495;0.186278
5855997;0.270721;0.16971;0.188177
6148732;0.292601;0.178125;0.197281
6456103;0.328321;0.190046;0.213384
6778842;0.390954;0.209667;0.23334
7117717;0.486282;0.253582;0.294965
7473535;0.319695;0.256295;0.294445
7847143;0.324368;0.260059;0.292627
8239431;0.325392;0.262315;0.29844
8651333;0.331076;0.266612;0.302235
9083830;0.336618;0.265685;0.306116
9537951;0.344988;0.270614;0.30934
