cset: --> last message, executed args into cpuset "/user", new pid is: 2369846
Scattered successful lookup:
absl::flat_hash_map;absl::node_hash_map;boost::unordered_map;boost::unordered_flat_map;boost::unordered_node_map
10000;0.0363924;0.0362751;0.0711699;0.036502;0.0383086
10500;0.0361206;0.0365868;0.0774889;0.0370996;0.0386608
11025;0.0353469;0.0363034;0.0858554;0.0373025;0.0387569
11576;0.0354235;0.036558;0.0927833;0.037617;0.0389874
12154;0.0357377;0.0367256;0.100767;0.0375873;0.0393824
12760;0.0361949;0.0366709;0.0617086;0.0380864;0.0401462
13396;0.0360441;0.0375337;0.0657049;0.0397651;0.0413384
14063;0.0365685;0.0377279;0.0718258;0.0399049;0.0409801
14763;0.0432374;0.0425863;0.0755035;0.0402581;0.0409969
15498;0.0433186;0.042609;0.0808953;0.0405493;0.0412384
16269;0.0434002;0.0427204;0.0867665;0.0408852;0.0416635
17078;0.0435097;0.0429078;0.0913003;0.0409442;0.0419274
17927;0.0434852;0.0430329;0.0969691;0.0415198;0.0422545
18818;0.0436589;0.0431424;0.102512;0.0418227;0.0426564
19753;0.0437482;0.0432795;0.107569;0.0417131;0.0429868
20734;0.0438374;0.0440366;0.112772;0.0420991;0.0431717
21764;0.0438995;0.0434389;0.117063;0.0424759;0.0434372
22845;0.0439552;0.0436109;0.121447;0.0425657;0.043762
23980;0.0440738;0.043702;0.124997;0.0431233;0.044135
25171;0.0443404;0.0435883;0.0892165;0.0440015;0.0449494
26421;0.0447724;0.0441831;0.0919097;0.0474451;0.0488247
27733;0.0454077;0.0448717;0.0949171;0.0452567;0.04662
29110;0.0491906;0.0499038;0.0988674;0.0457594;0.0467301
30555;0.0490382;0.0498687;0.101845;0.0460414;0.0468777
32072;0.0490747;0.0500386;0.105712;0.0464334;0.0474738
33664;0.0491034;0.0501216;0.109661;0.0468406;0.0477397
35335;0.0493006;0.0503197;0.113589;0.0472241;0.047802
37089;0.0494524;0.0503337;0.11787;0.0473334;0.048083
38930;0.0494036;0.0503538;0.121778;0.0473468;0.0490164
40863;0.0493536;0.0505598;0.126017;0.0477595;0.0486401
42892;0.0495731;0.0506385;0.129137;0.0479497;0.0496189
45022;0.0496797;0.0506554;0.132718;0.0486302;0.049351
47258;0.049897;0.05088;0.135966;0.0487558;0.0500759
49605;0.0501409;0.051432;0.0969798;0.0520559;0.0544715
52069;0.0506724;0.0517352;0.0993021;0.0592435;0.0625184
54656;0.0543506;0.055609;0.10152;0.0494492;0.0504809
57372;0.0547038;0.0561837;0.104125;0.0492967;0.0504754
60223;0.0531769;0.0561675;0.107174;0.0495439;0.0510921
63216;0.0536917;0.0563811;0.110379;0.0498583;0.0512803
66358;0.0536847;0.0563934;0.113783;0.0502318;0.051581
69657;0.053775;0.0565536;0.117373;0.050634;0.0516389
73120;0.0541119;0.0566524;0.121226;0.0508952;0.0519544
76756;0.0539592;0.0566946;0.125159;0.0512506;0.0523349
80573;0.0544789;0.0568241;0.129168;0.0515808;0.052897
84580;0.0543401;0.0569017;0.13275;0.0521062;0.0535812
88787;0.0544335;0.0570797;0.135907;0.0531529;0.0552925
93204;0.0550909;0.0575015;0.139619;0.056255;0.0586948
97841;0.055453;0.0583761;0.142543;0.0597913;0.0626629
102709;0.0599148;0.060691;0.10134;0.0645556;0.0680094
107820;0.0625393;0.0643587;0.103713;0.0523494;0.0533322
113186;0.0676203;0.0705316;0.106179;0.0521449;0.0533861
118820;0.0611729;0.0633586;0.109021;0.0526344;0.054057
124735;0.06044;0.0632751;0.112084;0.0531469;0.0543147
130945;0.0604955;0.063481;0.115641;0.0534851;0.054758
137465;0.060775;0.0637483;0.119184;0.0538382;0.0550591
144311;0.0609143;0.063907;0.122992;0.0544596;0.0554373
151499;0.0612029;0.0641636;0.126742;0.0549774;0.0568637
159046;0.0618674;0.0642093;0.130481;0.0554882;0.0580429
166970;0.0611881;0.0644239;0.134353;0.0568182;0.0590875
175290;0.0623779;0.0652406;0.138391;0.0591712;0.0612156
184026;0.0627567;0.0662534;0.141962;0.0615541;0.0645185
193198;0.0649375;0.0674742;0.145211;0.0644252;0.0680917
202828;0.0665815;0.0696656;0.109189;0.0680828;0.0727144
212939;0.0695847;0.0728421;0.111716;0.0742794;0.0805125
223555;0.073118;0.0783822;0.114297;0.0561376;0.0596425
234701;0.0774741;0.071561;0.119365;0.0571974;0.0601234
246404;0.0783659;0.0716795;0.123646;0.0575811;0.0609692
258692;0.0773116;0.0723234;0.129521;0.058205;0.0618474
271594;0.0803314;0.0729751;0.134421;0.0591112;0.0631156
285141;0.0806212;0.0737618;0.140819;0.0587814;0.0647667
299365;0.0769885;0.0757148;0.148446;0.0608364;0.066807
314300;0.0784805;0.0755248;0.156856;0.0620653;0.0680207
329981;0.0780905;0.076344;0.166304;0.0625398;0.0713249
346446;0.0789471;0.0793512;0.174885;0.0638207;0.0741366
363734;0.0800305;0.0808877;0.181224;0.0662778;0.0768276
381886;0.0812306;0.0826007;0.193807;0.0689311;0.081784
400945;0.0868606;0.0857259;0.187037;0.0727855;0.0872977
420956;0.0881226;0.0908801;0.194577;0.0784758;0.0950135
441967;0.0905112;0.0959068;0.202212;0.104236;0.103241
464028;0.172438;0.140788;0.211218;0.10658;0.104582
487192;0.175854;0.141092;0.21894;0.109408;0.105035
511514;0.176235;0.141914;0.226795;0.111612;0.105773
537052;0.177484;0.142654;0.238398;0.113194;0.106644
563866;0.178001;0.142905;0.250666;0.116391;0.109174
592020;0.179354;0.144412;0.257327;0.118597;0.110229
621581;0.179478;0.144862;0.271213;0.119978;0.112618
652620;0.180823;0.147976;0.278444;0.122745;0.115171
685210;0.180083;0.147218;0.289196;0.124417;0.114666
719429;0.181721;0.150477;0.298977;0.126987;0.122503
755358;0.181851;0.154313;0.309186;0.130661;0.121446
793083;0.183149;0.153313;0.288379;0.133055;0.131165
832694;0.184386;0.159793;0.293084;0.137595;0.13648
874285;0.185499;0.162741;0.29981;0.205752;0.199731
917955;0.24412;0.22152;0.306073;0.20748;0.200718
963808;0.244363;0.221944;0.317382;0.209701;0.20247
1011953;0.244163;0.22249;0.323169;0.211107;0.20274
1062505;0.244649;0.222701;0.332463;0.21273;0.204182
1115584;0.244632;0.223228;0.340205;0.214747;0.205024
1171316;0.24477;0.223741;0.348699;0.216584;0.207906
1229834;0.2448;0.224172;0.358674;0.217949;0.208517
1291277;0.244977;0.225139;0.367613;0.220308;0.21065
1355792;0.245162;0.226154;0.377587;0.222069;0.21284
1423532;0.245056;0.227222;0.385578;0.224869;0.215384
1494659;0.245363;0.228986;0.395407;0.227079;0.218702
1569342;0.247534;0.231127;0.404782;0.230403;0.222941
1647759;0.248298;0.235053;0.350236;0.233968;0.228536
1730096;0.250671;0.240005;0.355467;0.252034;0.251173
1816549;0.255687;0.248477;0.356709;0.253317;0.252764
1907324;0.281201;0.277965;0.364609;0.249852;0.254032
2002637;0.28178;0.275024;0.375529;0.251298;0.255839
2102715;0.283134;0.27605;0.379795;0.250389;0.257886
2207796;0.280329;0.275364;0.388863;0.253327;0.259629
2318131;0.282171;0.2778;0.397067;0.256173;0.262306
2433982;0.282645;0.277299;0.404428;0.258719;0.264487
2555625;0.281737;0.279803;0.41243;0.260936;0.26786
2683350;0.281802;0.280546;0.421576;0.264476;0.271744
2817461;0.283137;0.28177;0.429857;0.26724;0.276399
2958277;0.28356;0.282302;0.442991;0.270421;0.280897
3106133;0.283184;0.28626;0.451633;0.274535;0.28148
3261381;0.285968;0.289825;0.377351;0.279665;0.290128
3424391;0.287339;0.294159;0.383076;0.286145;0.299998
3595551;0.29155;0.303498;0.388212;0.274508;0.284709
3775269;0.362414;0.351003;0.392594;0.273511;0.286383
3963972;0.362207;0.351098;0.402588;0.276467;0.289052
4162110;0.361987;0.352311;0.409041;0.279476;0.291052
4370154;0.362502;0.351681;0.413941;0.281563;0.293288
4588600;0.361507;0.352466;0.427869;0.284948;0.296523
4817968;0.361371;0.353677;0.433911;0.287288;0.299134
5058804;0.360493;0.354501;0.443466;0.290775;0.296538
5311681;0.359258;0.356037;0.45138;0.295043;0.301581
5577201;0.360083;0.358295;0.457201;0.298441;0.307363
5855997;0.361517;0.359064;0.468478;0.302605;0.312585
6148732;0.361307;0.361513;0.478658;0.307184;0.321867
6456103;0.363254;0.366284;0.391915;0.313524;0.332224
6778842;0.365219;0.370822;0.398517;0.322057;0.34774
7117717;0.366591;0.3789;0.402758;0.293867;0.303662
7473535;0.425587;0.392975;0.410504;0.296401;0.305772
7847143;0.425964;0.393166;0.41819;0.298201;0.307856
8239431;0.427418;0.393424;0.423549;0.296827;0.310465
8651333;0.427212;0.394501;0.431396;0.304367;0.313103
9083830;0.427351;0.395503;0.438533;0.306746;0.316149
9537951;0.424768;0.396943;0.448105;0.307796;0.31658
Scattered unsuccessful lookup:
absl::flat_hash_map;absl::node_hash_map;boost::unordered_map;boost::unordered_flat_map;boost::unordered_node_map
10000;0.0348493;0.0351145;0.124038;0.0229007;0.0239982
10500;0.0353478;0.0364229;0.127893;0.0229791;0.0242222
11025;0.0380899;0.0389807;0.133529;0.0235647;0.0248576
11576;0.0439526;0.0432187;0.13853;0.0211887;0.0238831
12154;0.0545766;0.0564012;0.144683;0.0232486;0.0251221
12760;0.0740385;0.0747323;0.102875;0.0271607;0.0303999
13396;0.109245;0.107927;0.108525;0.0472654;0.0484681
14063;0.149358;0.15078;0.113256;0.023029;0.0239653
14763;0.0325489;0.0332058;0.117998;0.0231712;0.0241638
15498;0.0329589;0.0338208;0.1226;0.0233873;0.0242722
16269;0.0334662;0.0344323;0.127647;0.0234826;0.0245127
17078;0.0339899;0.0352397;0.132073;0.0235509;0.024936
17927;0.0346705;0.035869;0.136724;0.0235531;0.0250232
18818;0.0356626;0.0371102;0.141446;0.0238665;0.0253826
19753;0.0369311;0.038512;0.146321;0.0243607;0.0257871
20734;0.0389547;0.0405954;0.151093;0.0245423;0.0260435
21764;0.0415899;0.0441814;0.15572;0.0247845;0.0263916
22845;0.0487655;0.051542;0.160784;0.0246591;0.027938
23980;0.0604645;0.0602125;0.164905;0.028956;0.0317712
25171;0.0735161;0.0756813;0.117666;0.0380466;0.0401202
26421;0.0983737;0.100207;0.122362;0.0565812;0.0571119
27733;0.133495;0.13442;0.126197;0.0240356;0.025324
29110;0.0338778;0.0361641;0.131635;0.0243216;0.025875
30555;0.0341064;0.0369717;0.135729;0.0245661;0.0263538
32072;0.0350986;0.0375944;0.140264;0.0246603;0.0265933
33664;0.035692;0.0387519;0.144901;0.0250838;0.0270392
35335;0.0365396;0.0396193;0.149692;0.025411;0.0276894
37089;0.0376141;0.0408873;0.154732;0.0257904;0.0283433
38930;0.0395078;0.0430906;0.158454;0.0261518;0.0289646
40863;0.0418373;0.0448948;0.162903;0.0267748;0.029852
42892;0.0457802;0.0495053;0.167272;0.027343;0.0305796
45022;0.051312;0.0539868;0.172016;0.0289746;0.0319996
47258;0.0615224;0.0651684;0.176498;0.0333982;0.0363536
49605;0.074151;0.0763049;0.123699;0.0418954;0.0440191
52069;0.0960664;0.0965541;0.128183;0.0533055;0.0547636
54656;0.127983;0.128867;0.132602;0.0255089;0.026967
57372;0.0343835;0.0379082;0.137348;0.0251687;0.0276512
60223;0.0348468;0.0387163;0.142187;0.0255218;0.0281189
63216;0.0356092;0.0397037;0.14665;0.0256737;0.0286772
66358;0.0363453;0.0406915;0.151631;0.0259964;0.0290959
69657;0.0374056;0.0417674;0.156461;0.026692;0.0298785
73120;0.0387093;0.0430552;0.160889;0.0270873;0.0306919
76756;0.0403284;0.0448714;0.164847;0.0279111;0.0316011
80573;0.0431586;0.0472847;0.168792;0.0289339;0.0327033
84580;0.0465995;0.0508063;0.172789;0.030406;0.0343164
88787;0.0521792;0.0561499;0.177019;0.0326283;0.036354
93204;0.060692;0.0631507;0.181598;0.0367998;0.0400133
97841;0.0749663;0.0767484;0.186236;0.0422527;0.0449882
102709;0.092193;0.0921115;0.1309;0.0503427;0.0524531
107820;0.122182;0.123109;0.135598;0.0265842;0.0302252
113186;0.168249;0.167787;0.140432;0.0268713;0.0307772
118820;0.0361969;0.0410564;0.14526;0.0275201;0.0314684
124735;0.0375905;0.0418619;0.149994;0.0292068;0.0317889
130945;0.0380078;0.0431607;0.154609;0.0284156;0.0320467
137465;0.0389676;0.0442037;0.15896;0.0290663;0.0332676
144311;0.0400086;0.0457919;0.16336;0.0296195;0.03389
151499;0.0422881;0.0473937;0.167632;0.0300319;0.0351566
159046;0.0442219;0.0498645;0.171907;0.0310901;0.0357166
166970;0.0482814;0.0533535;0.175936;0.0325877;0.0370764
175290;0.0531863;0.0574356;0.180219;0.0351396;0.0391258
184026;0.0605741;0.0646451;0.184642;0.0381796;0.0428385
193198;0.0723276;0.0756231;0.189832;0.0429312;0.0472821
202828;0.089727;0.092269;0.141255;0.050414;0.0538166
212939;0.114963;0.118027;0.146126;0.064724;0.0673364
223555;0.155479;0.157786;0.152656;0.0321529;0.0371446
234701;0.0410908;0.0486985;0.161244;0.0325111;0.0377122
246404;0.0416979;0.0498983;0.169309;0.0325428;0.0385029
258692;0.0425681;0.0513728;0.177361;0.0332128;0.0390772
271594;0.0435879;0.0529548;0.185578;0.0336493;0.0399314
285141;0.0449143;0.0550866;0.195537;0.0342815;0.0404934
299365;0.0469736;0.0574671;0.204294;0.035049;0.0415663
314300;0.0491561;0.0601197;0.214655;0.0362085;0.0432017
329981;0.0524457;0.064238;0.225322;0.0371487;0.0448548
346446;0.0580896;0.0704074;0.237075;0.0391157;0.0471498
363734;0.0648998;0.0785668;0.248887;0.0418884;0.0501336
381886;0.0750445;0.090629;0.26311;0.0461545;0.0547457
400945;0.0905585;0.106339;0.217664;0.0530883;0.062438
420956;0.113753;0.133013;0.229711;0.0649309;0.0744331
441967;0.152861;0.178736;0.24197;0.0366414;0.0432873
464028;0.0476379;0.0618145;0.254099;0.0367711;0.0441516
487192;0.0484443;0.0659743;0.267083;0.0374786;0.0457265
511514;0.0498131;0.0698328;0.279704;0.0383683;0.0470609
537052;0.051721;0.0748351;0.293113;0.0391134;0.0489692
563866;0.0539271;0.0800967;0.306854;0.0404858;0.0516465
592020;0.0571249;0.0869805;0.32045;0.0418141;0.0547479
621581;0.0612081;0.0937719;0.334954;0.0437245;0.0585742
652620;0.0667173;0.1027;0.35016;0.0462522;0.0626074
685210;0.0733582;0.112662;0.365649;0.0492331;0.0673141
719429;0.0825013;0.125589;0.382377;0.0541305;0.0749521
755358;0.0936113;0.141007;0.399146;0.0599293;0.0828646
793083;0.109145;0.161865;0.322975;0.0672434;0.0931775
832694;0.131159;0.191506;0.333978;0.0803355;0.108538
874285;0.164603;0.233126;0.345092;0.0461269;0.062449
917955;0.0667519;0.100653;0.356456;0.0479293;0.0654138
963808;0.0698828;0.105736;0.368409;0.0501279;0.0683054
1011953;0.0719776;0.111628;0.38053;0.0523475;0.0717275
1062505;0.0762224;0.118332;0.392421;0.053787;0.0747583
1115584;0.0786977;0.125326;0.405616;0.055921;0.0780208
1171316;0.0820312;0.13324;0.419067;0.058047;0.0809959
1229834;0.0853982;0.142327;0.432832;0.0602471;0.0845665
1291277;0.0894772;0.152251;0.447525;0.0621614;0.0891224
1355792;0.0955368;0.163036;0.462424;0.0648886;0.0946677
1423532;0.103912;0.176681;0.478335;0.0690802;0.101965
1494659;0.114509;0.192403;0.494822;0.0740155;0.111205
1569342;0.129236;0.21162;0.512196;0.0815457;0.125078
1647759;0.150383;0.237716;0.387072;0.0928262;0.142338
1730096;0.180172;0.275316;0.397398;0.0548349;0.0777104
1816549;0.228211;0.337255;0.408775;0.0560259;0.0814401
1907324;0.0808025;0.141259;0.419861;0.0576581;0.0853956
2002637;0.0837712;0.146528;0.43128;0.0586094;0.0893567
2102715;0.0871765;0.151963;0.443307;0.0601021;0.0939929
2207796;0.0919105;0.15758;0.455398;0.0629003;0.100044
2318131;0.0974165;0.163657;0.46814;0.0660202;0.105507
2433982;0.102488;0.169888;0.481279;0.0697085;0.110683
2555625;0.108391;0.177262;0.495749;0.0741906;0.115579
2683350;0.114684;0.186068;0.510506;0.0783106;0.121004
2817461;0.122577;0.196544;0.525949;0.0829804;0.126945
2958277;0.132158;0.210709;0.543064;0.088144;0.134652
3106133;0.145277;0.229118;0.560625;0.0956928;0.14502
3261381;0.162938;0.254457;0.415396;0.105588;0.159073
3424391;0.18836;0.29138;0.426683;0.122054;0.18173
3595551;0.230158;0.349721;0.437166;0.0733169;0.108003
3775269;0.102498;0.162089;0.448477;0.0757957;0.112582
3963972;0.104939;0.164773;0.459967;0.0782395;0.114011
4162110;0.107057;0.170566;0.47202;0.0803623;0.120266
4370154;0.110383;0.175412;0.48495;0.0794505;0.121088
4588600;0.111997;0.182397;0.497515;0.0849701;0.122741
4817968;0.115684;0.187425;0.510258;0.0857895;0.128009
5058804;0.120022;0.193511;0.524372;0.0897377;0.132599
5311681;0.125885;0.203067;0.538653;0.0916083;0.138001
5577201;0.132119;0.213407;0.554087;0.0937895;0.141078
5855997;0.14094;0.225379;0.570224;0.0982804;0.150244
6148732;0.151822;0.243321;0.587598;0.105795;0.158766
6456103;0.169926;0.267988;0.431102;0.115714;0.172554
6778842;0.193952;0.302216;0.441918;0.129242;0.191371
7117717;0.230756;0.357673;0.453139;0.138459;0.171675
7473535;0.169345;0.225212;0.464981;0.139788;0.174602
7847143;0.170869;0.229479;0.476297;0.141672;0.177621
8239431;0.165042;0.233838;0.488694;0.143747;0.179133
8651333;0.173207;0.238385;0.500884;0.137219;0.182838
9083830;0.167191;0.243409;0.513698;0.146395;0.185096
9537951;0.177719;0.251231;0.526899;0.146671;0.190374
